{
  "timestamp": "2026-07-21T23:19:16.675934",
  "metrics": {
    "mse": 10.687413215637207,
    "rmse": 3.2691609344963743,
    "mae": 2.5662858486175537,
    "r2": 0.7679450026550836,
    "max_error": 16.443012237548828,
    "median_ae": 2.153386116027832
  }
}