{
  "run_id": "20260721_203015",
  "total_epochs": 5000,
  "final_loss": 8.083847854845821,
  "best_loss": 7.914754989429023,
  "best_epoch": 4718
}